{"cameraMode":{"drawMode":0,"name":"Shaded","section":"Shading Mode"},"sceneLighting":true,"audioPlay":false,"sceneViewState":{"showFog":true,"showMaterialUpdate":true,"showSkybox":true,"showFlares":true,"showImageEffects":true,"showParticleSystems":true},"in2DMode":false,"pivot":{"x":409.6751403808594,"y":-294.13568115234377,"z":1122.4136962890625},"rotation":{"x":0.5920965671539307,"y":0.3384353816509247,"z":-0.3003683090209961,"w":0.6669266223907471},"size":613.1956787109375,"orthographic":false}