{"cameraMode":{"drawMode":0,"name":"Shaded","section":"Shading Mode"},"sceneLighting":true,"audioPlay":false,"sceneViewState":{"showFog":true,"showMaterialUpdate":true,"showSkybox":false,"showFlares":true,"showImageEffects":true,"showParticleSystems":true},"in2DMode":false,"pivot":{"x":230.60000610351563,"y":9.0,"z":933.4000244140625},"rotation":{"x":0.03180219605565071,"y":0.9630914926528931,"z":-0.2355949878692627,"w":0.12715396285057069},"size":3.777021646499634,"orthographic":false}