{"cameraMode":{"drawMode":0,"name":"Shaded","section":"Shading Mode"},"sceneLighting":true,"audioPlay":false,"sceneViewState":{"showFog":true,"showMaterialUpdate":true,"showSkybox":true,"showFlares":true,"showImageEffects":true,"showParticleSystems":true},"in2DMode":false,"pivot":{"x":455.2340393066406,"y":47.12095642089844,"z":1097.7152099609375},"rotation":{"x":-0.01554188784211874,"y":0.9566230177879334,"z":-0.28652307391166689,"w":-0.052697449922561648},"size":239.6124725341797,"orthographic":false}