{"cameraMode":{"drawMode":0,"name":"Shaded","section":"Shading Mode"},"sceneLighting":false,"audioPlay":false,"sceneViewState":{"showFog":true,"showMaterialUpdate":true,"showSkybox":false,"showFlares":true,"showImageEffects":true,"showParticleSystems":true},"in2DMode":false,"pivot":{"x":752.6341552734375,"y":364.4560546875,"z":-14.277725219726563},"rotation":{"x":-0.04620567336678505,"y":-0.11008598655462265,"z":0.005117953289300203,"w":-0.9928981065750122},"size":174.59608459472657,"orthographic":false}