{"cameraMode":{"drawMode":0,"name":"Shaded","section":"Shading Mode"},"sceneLighting":true,"audioPlay":false,"sceneViewState":{"showFog":true,"showMaterialUpdate":true,"showSkybox":true,"showFlares":true,"showImageEffects":true,"showParticleSystems":true},"in2DMode":false,"pivot":{"x":226.69631958007813,"y":23.193044662475587,"z":926.5587768554688},"rotation":{"x":0.21255841851234437,"y":0.7825685143470764,"z":-0.3576085567474365,"w":0.46341362595558169},"size":6.194542407989502,"orthographic":false}