{"cameraMode":{"drawMode":0,"name":"Shaded","section":"Shading Mode"},"sceneLighting":true,"audioPlay":false,"sceneViewState":{"showFog":true,"showMaterialUpdate":true,"showSkybox":true,"showFlares":true,"showImageEffects":true,"showParticleSystems":true},"in2DMode":false,"pivot":{"x":224.15997314453126,"y":42.283226013183597,"z":1015.1910400390625},"rotation":{"x":0.06751378625631333,"y":0.9122328162193298,"z":-0.3685440719127655,"w":0.16640573740005494},"size":37.964420318603519,"orthographic":false}