{"cameraMode":{"drawMode":0,"name":"Shaded","section":"Shading Mode"},"sceneLighting":true,"audioPlay":false,"sceneViewState":{"showFog":true,"showMaterialUpdate":true,"showSkybox":true,"showFlares":true,"showImageEffects":true,"showParticleSystems":true},"in2DMode":false,"pivot":{"x":669.2677001953125,"y":175.08099365234376,"z":785.1424560546875},"rotation":{"x":0.23585176467895509,"y":0.5119168758392334,"z":-0.14775064587593079,"w":0.812839686870575},"size":387.9646301269531,"orthographic":false}