{"cameraMode":{"drawMode":0,"name":"Shaded","section":"Shading Mode"},"sceneLighting":true,"audioPlay":false,"sceneViewState":{"showFog":true,"showMaterialUpdate":true,"showSkybox":true,"showFlares":true,"showImageEffects":true,"showParticleSystems":true},"in2DMode":false,"pivot":{"x":683.48388671875,"y":173.06832885742188,"z":912.4700317382813},"rotation":{"x":0.4576834738254547,"y":-0.4948539137840271,"z":0.34731072187423708,"w":0.6520304083824158},"size":420.31903076171877,"orthographic":false}