{"cameraMode":{"drawMode":0,"name":"Shaded","section":"Shading Mode"},"sceneLighting":true,"audioPlay":false,"sceneViewState":{"showFog":true,"showMaterialUpdate":true,"showSkybox":false,"showFlares":true,"showImageEffects":true,"showParticleSystems":true},"in2DMode":false,"pivot":{"x":230.50267028808595,"y":9.503211975097657,"z":934.4551391601563},"rotation":{"x":0.5958452224731445,"y":-0.18564502894878388,"z":0.14480069279670716,"w":0.7679615616798401},"size":5.877022743225098,"orthographic":false}