{"cameraMode":{"drawMode":0,"name":"Shaded","section":"Shading Mode"},"sceneLighting":false,"audioPlay":false,"sceneViewState":{"showFog":true,"showMaterialUpdate":true,"showSkybox":false,"showFlares":true,"showImageEffects":true,"showParticleSystems":true},"in2DMode":false,"pivot":{"x":0.9178599119186401,"y":0.23528218269348145,"z":0.12689614295959474},"rotation":{"x":0.45427703857421877,"y":0.2262687385082245,"z":-0.1197582483291626,"w":0.8534168004989624},"size":3.7770230770111086,"orthographic":false}