{"cameraMode":{"drawMode":0,"name":"Shaded","section":"Shading Mode"},"sceneLighting":true,"audioPlay":false,"sceneViewState":{"showFog":true,"showMaterialUpdate":true,"showSkybox":true,"showFlares":true,"showImageEffects":true,"showParticleSystems":true},"in2DMode":false,"pivot":{"x":209.88211059570313,"y":3.176666498184204,"z":926.9727783203125},"rotation":{"x":0.1691795289516449,"y":-0.8161481022834778,"z":0.29612189531326296,"w":0.46661046147346499},"size":123.08008575439453,"orthographic":false}