{"cameraMode":{"drawMode":0,"name":"Shaded","section":"Shading Mode"},"sceneLighting":true,"audioPlay":false,"sceneViewState":{"showFog":true,"showMaterialUpdate":true,"showSkybox":true,"showFlares":true,"showImageEffects":true,"showParticleSystems":true},"in2DMode":false,"pivot":{"x":230.9593963623047,"y":3.7182278633117677,"z":868.6728515625},"rotation":{"x":0.21615763008594514,"y":0.7225254774093628,"z":-0.2582964301109314,"w":0.6038717031478882},"size":12.632746696472168,"orthographic":false}