{"cameraMode":{"drawMode":0,"name":"Shaded","section":"Shading Mode"},"sceneLighting":true,"audioPlay":false,"sceneViewState":{"showFog":true,"showMaterialUpdate":true,"showSkybox":true,"showFlares":true,"showImageEffects":true,"showParticleSystems":true},"in2DMode":false,"pivot":{"x":556.1929321289063,"y":-64.04153442382813,"z":916.35791015625},"rotation":{"x":-0.006702561397105455,"y":0.768376886844635,"z":-0.6400067806243897,"w":-0.008115465752780438},"size":394.5193176269531,"orthographic":false}