{"cameraMode":{"drawMode":0,"name":"Shaded","section":"Shading Mode"},"sceneLighting":false,"audioPlay":false,"sceneViewState":{"showFog":true,"showMaterialUpdate":true,"showSkybox":false,"showFlares":true,"showImageEffects":true,"showParticleSystems":true},"in2DMode":false,"pivot":{"x":901.87451171875,"y":406.4857177734375,"z":82.55987548828125},"rotation":{"x":-0.1790240854024887,"y":-0.014188360422849656,"z":0.0025885377544909717,"w":-0.9838026165962219},"size":895.2255859375,"orthographic":false}