{"cameraMode":{"drawMode":0,"name":"Shaded","section":"Shading Mode"},"sceneLighting":false,"audioPlay":false,"sceneViewState":{"showFog":true,"showMaterialUpdate":true,"showSkybox":false,"showFlares":true,"showImageEffects":true,"showParticleSystems":true},"in2DMode":false,"pivot":{"x":318.4756774902344,"y":2.322179079055786,"z":1151.4029541015625},"rotation":{"x":-0.22280651330947877,"y":-0.16763795912265778,"z":0.038203563541173938,"w":-0.95970219373703},"size":1.527519941329956,"orthographic":false}