{"cameraMode":{"drawMode":0,"name":"Shaded","section":"Shading Mode"},"sceneLighting":true,"audioPlay":false,"sceneViewState":{"showFog":true,"showMaterialUpdate":true,"showSkybox":false,"showFlares":true,"showImageEffects":true,"showParticleSystems":true},"in2DMode":false,"pivot":{"x":231.3663787841797,"y":9.956167221069336,"z":935.8084106445313},"rotation":{"x":0.5228363275527954,"y":0.03171389922499657,"z":-0.0187832098454237,"w":0.8517694473266602},"size":5.877022743225098,"orthographic":false}