{"cameraMode":{"drawMode":0,"name":"Shaded","section":"Shading Mode"},"sceneLighting":false,"audioPlay":false,"sceneViewState":{"showFog":true,"showMaterialUpdate":false,"showSkybox":false,"showFlares":true,"showImageEffects":true,"showParticleSystems":true},"in2DMode":false,"pivot":{"x":241.9499969482422,"y":0.6499999761581421,"z":954.510009765625},"rotation":{"x":0.09415102750062943,"y":0.6005465984344482,"z":-0.07149986922740936,"w":0.7908012866973877},"size":16.64865493774414,"orthographic":false}