{"cameraMode":{"drawMode":0,"name":"Shaded","section":"Shading Mode"},"sceneLighting":true,"audioPlay":false,"sceneViewState":{"showFog":true,"showMaterialUpdate":true,"showSkybox":true,"showFlares":true,"showImageEffects":true,"showParticleSystems":true},"in2DMode":false,"pivot":{"x":246.4422149658203,"y":-26.950706481933595,"z":943.1665649414063},"rotation":{"x":0.47013983130455019,"y":0.39377522468566897,"z":-0.24641501903533936,"w":0.750557541847229},"size":138.2738037109375,"orthographic":false}