{"cameraMode":{"drawMode":0,"name":"Shaded","section":"Shading Mode"},"sceneLighting":true,"audioPlay":false,"sceneViewState":{"showFog":true,"showMaterialUpdate":true,"showSkybox":true,"showFlares":true,"showImageEffects":true,"showParticleSystems":true},"in2DMode":false,"pivot":{"x":239.28298950195313,"y":1.0079784393310547,"z":976.1890869140625},"rotation":{"x":0.2729364037513733,"y":0.32246044278144839,"z":-0.09743327647447586,"w":0.9012103080749512},"size":50.56963348388672,"orthographic":false}