{"cameraMode":{"drawMode":0,"name":"Shaded","section":"Shading Mode"},"sceneLighting":false,"audioPlay":false,"sceneViewState":{"showFog":true,"showMaterialUpdate":true,"showSkybox":false,"showFlares":true,"showImageEffects":true,"showParticleSystems":true},"in2DMode":false,"pivot":{"x":1024.962158203125,"y":476.6171569824219,"z":-77.72589111328125},"rotation":{"x":-0.04620567336678505,"y":-0.11008598655462265,"z":0.005117953289300203,"w":-0.9928981065750122},"size":22.0,"orthographic":false}