{"cameraMode":{"drawMode":0,"name":"Shaded","section":"Shading Mode"},"sceneLighting":true,"audioPlay":false,"sceneViewState":{"showFog":true,"showMaterialUpdate":true,"showSkybox":true,"showFlares":true,"showImageEffects":true,"showParticleSystems":true},"in2DMode":false,"pivot":{"x":471.2574157714844,"y":-5.9458465576171879,"z":1138.7193603515625},"rotation":{"x":-0.04482380300760269,"y":0.92105633020401,"z":-0.3705844283103943,"w":-0.11204931139945984},"size":239.6124725341797,"orthographic":false}