{"cameraMode":{"drawMode":0,"name":"Shaded","section":"Shading Mode"},"sceneLighting":true,"audioPlay":false,"sceneViewState":{"showFog":true,"showMaterialUpdate":true,"showSkybox":true,"showFlares":true,"showImageEffects":true,"showParticleSystems":true},"in2DMode":false,"pivot":{"x":313.50665283203127,"y":165.49098205566407,"z":-5.535400390625},"rotation":{"x":-0.024002548307180406,"y":-0.0032378186006098987,"z":-0.0004994129994884133,"w":-0.999809980392456},"size":372.7977294921875,"orthographic":false}