{"cameraMode":{"drawMode":0,"name":"Shaded","section":"Shading Mode"},"sceneLighting":false,"audioPlay":false,"sceneViewState":{"showFog":true,"showMaterialUpdate":true,"showSkybox":false,"showFlares":true,"showImageEffects":true,"showParticleSystems":true},"in2DMode":false,"pivot":{"x":285.391357421875,"y":2.825699806213379,"z":868.4387817382813},"rotation":{"x":-0.3368613123893738,"y":0.6623138189315796,"z":-0.46090167760849,"w":-0.48544803261756899},"size":11.323295593261719,"orthographic":false}