{"cameraMode":{"drawMode":0,"name":"Shaded","section":"Shading Mode"},"sceneLighting":true,"audioPlay":false,"sceneViewState":{"showFog":true,"showMaterialUpdate":true,"showSkybox":true,"showFlares":true,"showImageEffects":true,"showParticleSystems":true},"in2DMode":false,"pivot":{"x":372.5093994140625,"y":122.87278747558594,"z":1201.74853515625},"rotation":{"x":-0.46454310417175295,"y":0.3557620346546173,"z":-0.21123024821281434,"w":-0.7830511927604675},"size":243.67645263671876,"orthographic":false}