{"cameraMode":{"drawMode":0,"name":"Shaded","section":"Shading Mode"},"sceneLighting":false,"audioPlay":false,"sceneViewState":{"showFog":true,"showMaterialUpdate":true,"showSkybox":false,"showFlares":true,"showImageEffects":true,"showParticleSystems":true},"in2DMode":false,"pivot":{"x":258.3479919433594,"y":0.8500000238418579,"z":444.239990234375},"rotation":{"x":0.47013983130455019,"y":0.39377522468566897,"z":-0.24641501903533936,"w":0.750557541847229},"size":2.8578836917877199,"orthographic":false}