{"cameraMode":{"drawMode":0,"name":"Shaded","section":"Shading Mode"},"sceneLighting":true,"audioPlay":false,"sceneViewState":{"showFog":true,"showMaterialUpdate":true,"showSkybox":true,"showFlares":true,"showImageEffects":true,"showParticleSystems":true},"in2DMode":false,"pivot":{"x":204.77194213867188,"y":-16.49652099609375,"z":800.4540405273438},"rotation":{"x":0.47119244933128359,"y":0.5289534330368042,"z":-0.48959141969680788,"w":0.5085880756378174},"size":374.3494873046875,"orthographic":false}